<?xml version="1.0" encoding="utf-8"?>
<extension type="plugin" group="system" method="upgrade">
    <name>System - DPCalendar Custom Field Filters</name>
    <author>Anirudha Talmale</author>
    <creationDate>2026-01</creationDate>
    <copyright>Copyright (C) 2026</copyright>
    <license>GNU General Public License version 3 or later</license>
    <version>1.4.0</version>
    <description>Adds custom field dropdown filters (Altersklasse, Spielform) to DPCalendar front-end search with multi-select support.</description>
    <namespace path="src">FloorballTurniere\Plugin\System\DPCalendarFilterFields</namespace>
    <files>
        <folder plugin="dpcalendarfilterfields">services</folder>
        <folder>src</folder>
    </files>
    <config>
        <fields name="params">
            <fieldset name="basic">
                <field
                    name="field_names"
                    type="text"
                    label="Custom Field Names"
                    description="Comma-separated list of custom field names to display as dropdown filters"
                    default="altersklasse,spielform"
                />
            </fieldset>
        </fields>
    </config>
</extension>
